Title,Country,Duration,Platform,Rating,Release_Year,Type,Gross,IMDB_Rating,Meta_score,No_of_Votes,Genre
12 Years a Slave,"United States, United Kingdom",134,hulu,R,2013,Movie,56671993,8.1,96,640533,Black Stories
12 Years a Slave,"United States, United Kingdom",134,hulu,R,2013,Movie,56671993,8.1,96,640533,Drama
12 Years a Slave,"United States, United Kingdom",134,hulu,R,2013,Movie,56671993,8.1,96,640533,History
21 Grams,Unknown,125,amazon prime,R,2003,Movie,16290476,7.6,70,224545,Drama
21 Grams,Unknown,125,amazon prime,R,2003,Movie,16290476,7.6,70,224545,Suspense
3 Idiots,India,164,netflix,PG-13,2009,Movie,6532908,8.4,67,344445,Comedy
3 Idiots,India,164,netflix,PG-13,2009,Movie,6532908,8.4,67,344445,Drama
3 Idiots,India,164,netflix,PG-13,2009,Movie,6532908,8.4,67,344445,International
50/50,United States,100,netflix,R,2011,Movie,35014192,7.6,72,315426,Comedy
50/50,United States,100,netflix,R,2011,Movie,35014192,7.6,72,315426,Drama
50/50,United States,100,netflix,R,2011,Movie,35014192,7.6,72,315426,Independent Movies
A Clockwork Orange,"United Kingdom, United States",137,netflix,R,1971,Movie,6207725,8.3,77,757904,Classics
A Clockwork Orange,"United Kingdom, United States",137,netflix,R,1971,Movie,6207725,8.3,77,757904,Cult Movies
A Clockwork Orange,"United Kingdom, United States",137,netflix,R,1971,Movie,6207725,8.3,77,757904,Drama
A Wednesday,India,103,netflix,TV-MA,2008,Movie,0,8.1,0,73891,Action-Adventure
A Wednesday,India,103,netflix,TV-MA,2008,Movie,0,8.1,0,73891,Drama
A Wednesday,India,103,netflix,TV-MA,2008,Movie,0,8.1,0,73891,International
About Time,United Kingdom,123,netflix,R,2013,Movie,15322921,7.8,55,303032,Comedy
About Time,United Kingdom,123,netflix,R,2013,Movie,15322921,7.8,55,303032,Drama
About Time,United Kingdom,123,netflix,R,2013,Movie,15322921,7.8,55,303032,International
Almost Famous,Unknown,161,amazon prime,R,2000,Movie,32534850,7.9,90,252586,Drama
American Beauty,United States,122,netflix,R,1999,Movie,130096601,8.3,84,1069738,Drama
AmericanHistory X,United States,119,netflix,R,1998,Movie,6719864,8.5,62,1034705,Drama
American Psycho,"United States, Canada",102,netflix,R,2000,Movie,15070285,7.6,64,490062,Comedy
American Psycho,"United States, Canada",102,netflix,R,2000,Movie,15070285,7.6,64,490062,Cult Movies
American Psycho,"United States, Canada",102,netflix,R,2000,Movie,15070285,7.6,64,490062,Drama
Andaz Apna Apna,India,160,netflix,TV-14,1994,Movie,0,8.2,0,49300,Action-Adventure
Andaz Apna Apna,India,160,netflix,TV-14,1994,Movie,0,8.2,0,49300,Comedy
Andaz Apna Apna,India,160,netflix,TV-14,1994,Movie,0,8.2,0,49300,Cult Movies
Andhadhun,India,137,netflix,TV-14,2018,Movie,1373943,8.3,0,71875,Comedy
Andhadhun,India,137,netflix,TV-14,2018,Movie,1373943,8.3,0,71875,Drama
Andhadhun,India,137,netflix,TV-14,2018,Movie,1373943,8.3,0,71875,International
Annie Hall,Unknown,93,amazon prime,PG,1977,Movie,39200000,8,92,251823,Comedy
Apollo 13,Unknown,51,amazon prime,7+,1994,Movie,173837933,7.6,77,269197,Documentary
Arrival,Unknown,116,hulu,PG-13,2016,Movie,100546139,7.9,81,594181,Drama
Arrival,Unknown,116,hulu,PG-13,2016,Movie,100546139,7.9,81,594181,Horror
Arrival,Unknown,116,hulu,PG-13,2016,Movie,100546139,7.9,81,594181,Science Fiction
As Good as It Gets,United States,139,netflix,PG-13,1997,Movie,148478011,7.7,67,275755,Comedy
As Good as It Gets,United States,139,netflix,PG-13,1997,Movie,148478011,7.7,67,275755,Romance
Atonement,Unknown,123,amazon prime,R,2007,Movie,50927067,7.8,85,251370,Drama
Atonement,Unknown,123,amazon prime,R,2007,Movie,50927067,7.8,85,251370,Suspense
Avatar,United States,162,disney plus,PG-13,2009,Movie,760507625,7.8,83,1118998,Action-Adventure
Avatar,United States,162,disney plus,PG-13,2009,Movie,760507625,7.8,83,1118998,Science Fiction
Avengers: Infinity War,United States,150,netflix,PG-13,2018,Movie,678815482,8.4,68,834477,Action-Adventure
Avengers: Infinity War,United States,150,netflix,PG-13,2018,Movie,678815482,8.4,68,834477,Sci-Fi & Fantasy
Barfi!,India,144,netflix,TV-14,2012,Movie,2804874,8.1,0,75721,Comedy
Barfi!,India,144,netflix,TV-14,2012,Movie,2804874,8.1,0,75721,Drama
Barfi!,India,144,netflix,TV-14,2012,Movie,2804874,8.1,0,75721,International
Beasts of No Nation,United States,137,netflix,TV-MA,2015,Movie,83861,7.7,79,73964,Drama
Beasts of No Nation,United States,137,netflix,TV-MA,2015,Movie,83861,7.7,79,73964,Independent Movies
Beauty and the Beast,United States,138,disney plus,PG,2017,Movie,218967620,8,95,417178,Family
Beauty and the Beast,United States,138,disney plus,PG,2017,Movie,218967620,8,95,417178,Fantasy
Beauty and the Beast,United States,138,disney plus,PG,2017,Movie,218967620,8,95,417178,Musical
Beauty and the Beast,Unknown,90,amazon prime,R,2010,Movie,218967620,8,95,417178,Drama
Beauty and the Beast,Unknown,90,amazon prime,R,2010,Movie,218967620,8,95,417178,Romance
Beauty and the Beast,Unknown,90,amazon prime,R,2010,Movie,218967620,8,95,417178,Science Fiction
Before Midnight,Unknown,109,hulu,R,2013,Movie,8114627,7.9,94,141457,Drama
Before Midnight,Unknown,109,hulu,R,2013,Movie,8114627,7.9,94,141457,Romance
Big Fish,Unknown,125,hulu,PG-13,2003,Movie,66257002,8,58,415218,Drama
Big Hero 6,United States,105,disney plus,PG,2014,Movie,222527828,7.8,74,410983,Action-Adventure
Big Hero 6,United States,105,disney plus,PG,2014,Movie,222527828,7.8,74,410983,Animation
Big Hero 6,United States,105,disney plus,PG,2014,Movie,222527828,7.8,74,410983,Family
Billy Elliot,"United Kingdom, France",110,netflix,R,2000,Movie,21995263,7.7,74,126770,Drama
Billy Elliot,"United Kingdom, France",110,netflix,R,2000,Movie,21995263,7.7,74,126770,Independent Movies
Billy Elliot,"United Kingdom, France",110,netflix,R,2000,Movie,21995263,7.7,74,126770,International
Black Hawk Down,"United States, United Kingdom",144,netflix,R,2001,Movie,108638745,7.7,74,364254,Action-Adventure
Black Hawk Down,"United States, United Kingdom",144,netflix,R,2001,Movie,108638745,7.7,74,364254,Drama
Black Swan,Unknown,108,hulu,R,2010,Movie,106954678,8,79,699673,Drama
Black Swan,Unknown,108,hulu,R,2010,Movie,106954678,8,79,699673,Horror
Black Swan,Unknown,108,hulu,R,2010,Movie,106954678,8,79,699673,Mystery
Black,India,137,netflix,TV-14,2015,Movie,733094,8.2,0,33354,Action-Adventure
Black,India,137,netflix,TV-14,2015,Movie,733094,8.2,0,33354,International
Blow,United States,123,netflix,R,2001,Movie,52990775,7.6,52,240714,Drama
Bohemian Rhapsody,Unknown,135,hulu,PG-13,2018,Movie,216428042,8,49,450349,Drama
Bohemian Rhapsody,Unknown,135,hulu,PG-13,2018,Movie,216428042,8,49,450349,LGBTQ+
Bohemian Rhapsody,Unknown,135,hulu,PG-13,2018,Movie,216428042,8,49,450349,Musical
Bonnie and Clyde,United States,111,netflix,R,1967,Movie,0,7.8,86,102415,Action-Adventure
Bonnie and Clyde,United States,111,netflix,R,1967,Movie,0,7.8,86,102415,Classics
Bonnie and Clyde,United States,111,netflix,R,1967,Movie,0,7.8,86,102415,Drama
Boogie Nights,United States,155,netflix,R,1997,Movie,26400640,7.9,85,239473,Comedy
Boogie Nights,United States,155,netflix,R,1997,Movie,26400640,7.9,85,239473,Drama
Boogie Nights,United States,155,netflix,R,1997,Movie,26400640,7.9,85,239473,Independent Movies
Butch Cassidy and the Sundance Kid,Unknown,110,amazon prime,PG,1969,Movie,102308889,8,66,201888,Action
Butch Cassidy and the Sundance Kid,Unknown,110,amazon prime,PG,1969,Movie,102308889,8,66,201888,Drama
Butch Cassidy and the Sundance Kid,Unknown,110,amazon prime,PG,1969,Movie,102308889,8,66,201888,Western
Captain Fantastic,United States,119,netflix,R,2016,Movie,5875006,7.9,72,189400,Comedy
Captain Fantastic,United States,119,netflix,R,2016,Movie,5875006,7.9,72,189400,Drama
Captain Fantastic,United States,119,netflix,R,2016,Movie,5875006,7.9,72,189400,Independent Movies
Casino Royale,"United Kingdom, Czech Republic, United States, Germany, Bahamas",145,netflix,PG-13,2006,Movie,167445960,8,80,582239,Action-Adventure
Cat on a Hot Tin Roof,United States,108,netflix,NR,1958,Movie,17570324,8,84,45062,Classics
Cat on a Hot Tin Roof,United States,108,netflix,NR,1958,Movie,17570324,8,84,45062,Drama
Catch Me If You Can,"United States, Canada",141,amazon prime,PG-13,2002,Movie,164615351,8.1,75,832846,Suspense
Catch Me If You Can,"United States, Canada",142,netflix,PG-13,2002,Movie,164615351,8.1,75,832846,Drama
Charade,Unknown,113,amazon prime,16+,1963,Movie,13474588,7.9,83,68689,Comedy
Coco,United States,105,disney plus,PG,2017,Movie,209726015,8.4,81,384171,Animation
Coco,United States,105,disney plus,PG,2017,Movie,209726015,8.4,81,384171,Family
Coco,United States,105,disney plus,PG,2017,Movie,209726015,8.4,81,384171,Fantasy
Control,Unknown,122,amazon prime,R,2021,Movie,871577,7.7,78,61609,Arthouse
Control,Unknown,122,amazon prime,R,2021,Movie,871577,7.7,78,61609,Entertainment
Control,Unknown,122,amazon prime,R,2021,Movie,871577,7.7,78,61609,Culture
Cool Hand Luke,United States,127,netflix,TV-14,1967,Movie,16217773,8.1,92,161984,Classics
Cool Hand Luke,United States,127,netflix,TV-14,1967,Movie,16217773,8.1,92,161984,Drama
Coraline,United States,101,netflix,PG,2009,Movie,75286229,7.7,80,197761,Children &Family Movies
Crash,"United States, Germany",112,netflix,R,2004,Movie,54580300,7.7,66,419483,Drama
Crash,"United States, Germany",112,netflix,R,2004,Movie,54580300,7.7,66,419483,Independent Movies
Dallas Buyers Club,United States,117,netflix,R,2013,Movie,27298285,8,80,441614,Drama
Dallas Buyers Club,United States,117,netflix,R,2013,Movie,27298285,8,80,441614,Independent Movies
Dallas Buyers Club,United States,117,netflix,R,2013,Movie,27298285,8,80,441614,LGBTQ+
Dances with Wolves,"United States, United Kingdom",181,netflix,PG-13,1990,Movie,184208848,8,72,240266,Action-Adventure
Dances with Wolves,"United States, United Kingdom",181,netflix,PG-13,1990,Movie,184208848,8,72,240266,Classics
Dances with Wolves,"United States, United Kingdom",181,netflix,PG-13,1990,Movie,184208848,8,72,240266,Drama
Dangal,India,161,netflix,TV-PG,2016,Movie,12391761,8.4,0,156479,Drama
Dangal,India,161,netflix,TV-PG,2016,Movie,12391761,8.4,0,156479,International
Dangal,India,161,netflix,TV-PG,2016,Movie,12391761,8.4,0,156479,Sports
Dark Waters,Egypt,104,netflix,TV-14,1956,Movie,0,7.6,73,60408,Classics
Dark Waters,Egypt,104,netflix,TV-14,1956,Movie,0,7.6,73,60408,Drama
Dark Waters,Egypt,104,netflix,TV-14,1956,Movie,0,7.6,73,60408,International
Delicatessen,Unknown,99,amazon prime,R,1992,Movie,1794187,7.6,66,80487,Comedy
Delicatessen,Unknown,99,amazon prime,R,1992,Movie,1794187,7.6,66,80487,Drama
Dev.D,India,137,netflix,TV-MA,2009,Movie,10950,8,0,28749,Drama
Dev.D,India,137,netflix,TV-MA,2009,Movie,10950,8,0,28749,International
Dev.D,India,137,netflix,TV-MA,2009,Movie,10950,8,0,28749,Romance
Die Hard,United States,132,amazon prime,R,1988,Movie,83008852,8.2,72,793164,Suspense
Dil Chahta Hai,India,185,netflix,TV-14,2001,Movie,300000,8.1,0,66803,Comedy
Dil Chahta Hai,India,185,netflix,TV-14,2001,Movie,300000,8.1,0,66803,Drama
Dil Chahta Hai,India,185,netflix,TV-14,2001,Movie,300000,8.1,0,66803,International
Dilwale Dulhania Le Jayenge,India,190,amazon prime,7+,1995,Movie,0,8.1,0,63516,Romance
District 9,"South Africa, United States, New Zealand, Canada",112,netflix,R,2009,Movie,115646235,7.9,81,638202,Action-Adventure
District 9,"South Africa, United States, New Zealand, Canada",112,netflix,R,2009,Movie,115646235,7.9,81,638202,International
District 9,"South Africa, United States, New Zealand, Canada",112,netflix,R,2009,Movie,115646235,7.9,81,638202,Sci-Fi & Fantasy
Django Unchained,United States,165,netflix,R,2012,Movie,162805434,8.4,81,1357682,Action-Adventure
Django Unchained,United States,165,netflix,R,2012,Movie,162805434,8.4,81,1357682,Drama
Do the Right Thing,United States,120,netflix,R,1989,Movie,27545445,8,93,89429,Classics
Do the Right Thing,United States,120,netflix,R,1989,Movie,27545445,8,93,89429,Comedy
Do the Right Thing,United States,120,netflix,R,1989,Movie,27545445,8,93,89429,Drama
Do the Right Thing,Unknown,121,amazon prime,R,1989,Movie,27545445,8,93,89429,Comedy
Do the Right Thing,Unknown,121,amazon prime,R,1989,Movie,27545445,8,93,89429,Drama
Doctor Zhivago,"United States, Italy, United Kingdom, Liechtenstein",200,netflix,PG-13,1965,Movie,111722000,8,69,69903,Classics
Doctor Zhivago,"United States, Italy, United Kingdom, Liechtenstein",200,netflix,PG-13,1965,Movie,111722000,8,69,69903,Drama
Doctor Zhivago,"United States, Italy, United Kingdom, Liechtenstein",200,netflix,PG-13,1965,Movie,111722000,8,69,69903,Romance
Donnie Brasco,United States,127,netflix,R,1997,Movie,41909762,7.7,76,279318,Drama
Donnie Brasco,United States,127,netflix,R,1997,Movie,41909762,7.7,76,279318,Thriller
Donnie Brasco,Unknown,127,hulu,R,1997,Movie,41909762,7.7,76,279318,Crime
Donnie Brasco,Unknown,127,hulu,R,1997,Movie,41909762,7.7,76,279318,Drama
Drishyam,India,162,netflix,TV-14,2015,Movie,0,8.3,0,30722,Drama
Drishyam,India,162,netflix,TV-14,2015,Movie,0,8.3,0,30722,International
Drishyam,India,162,netflix,TV-14,2015,Movie,0,8.3,0,30722,Thriller
Drishyam,India,162,netflix,TV-14,2015,Movie,739478,8.2,0,70367,Drama
Drishyam,India,162,netflix,TV-14,2015,Movie,739478,8.2,0,70367,International
Drishyam,India,162,netflix,TV-14,2015,Movie,739478,8.2,0,70367,Thriller
Drive,India,119,netflix,TV-14,2019,Movie,35061555,7.8,78,571571,Action-Adventure
Drive,India,119,netflix,TV-14,2019,Movie,35061555,7.8,78,571571,International
Edward Scissorhands,Unknown,101,hulu,PG-13,1990,Movie,56362352,7.9,74,447368,Comedy
Edward Scissorhands,Unknown,101,hulu,PG-13,1990,Movie,56362352,7.9,74,447368,Drama
Edward Scissorhands,Unknown,101,hulu,PG-13,1990,Movie,56362352,7.9,74,447368,Romance
End of Watch,United States,109,netflix,R,2012,Movie,41003371,7.6,68,228132,Action-Adventure
Enter the Dragon,"Hong Kong, United States",103,netflix,R,1973,Movie,25000000,7.7,83,96561,Action-Adventure
Enter the Dragon,"Hong Kong, United States",103,netflix,R,1973,Movie,25000000,7.7,83,96561,Classics
Escape from Alcatraz,United States,112,hulu,PG,1979,Movie,43000000,7.6,76,121731,Action
Escape from Alcatraz,United States,112,hulu,PG,1979,Movie,43000000,7.6,76,121731,Crime
Escape from Alcatraz,United States,112,hulu,PG,1979,Movie,43000000,7.6,76,121731,Drama
Ex Machina,United Kingdom,108,netflix,R,2015,Movie,25442958,7.7,78,474141,Drama
Ex Machina,United Kingdom,108,netflix,R,2015,Movie,25442958,7.7,78,474141,Independent Movies
Ex Machina,United Kingdom,108,netflix,R,2015,Movie,25442958,7.7,78,474141,International
Fantasia,United States,126,disney plus,G,1940,Movie,76408097,7.7,96,88662,Animation
Fantasia,United States,126,disney plus,G,1940,Movie,76408097,7.7,96,88662,Family
Fantasia,United States,126,disney plus,G,1940,Movie,76408097,7.7,96,88662,Fantasy
Fantastic Mr. Fox,"United States, United Kingdom",88,disney plus,PG,2009,Movie,21002919,7.9,83,199696,Animation
Fantastic Mr. Fox,"United States, United Kingdom",88,disney plus,PG,2009,Movie,21002919,7.9,83,199696,Comedy
Fantastic Mr. Fox,"United States, United Kingdom",88,disney plus,PG,2009,Movie,21002919,7.9,83,199696,Crime
Fear and Loathing in Las Vegas,United States,118,netflix,R,1998,Movie,10680275,7.6,41,259753,Comedy
Fear and Loathing in Las Vegas,United States,118,netflix,R,1998,Movie,10680275,7.6,41,259753,Cult Movies
Fear and Loathing in Las Vegas,United States,118,netflix,R,1998,Movie,10680275,7.6,41,259753,Drama
Ferris Bueller's Day Off,United States,103,netflix,PG-13,1986,Movie,70136369,7.8,61,321382,Classics
Ferris Bueller's Day Off,United States,103,netflix,PG-13,1986,Movie,70136369,7.8,61,321382,Comedy
Ferris Bueller's Day Off,United States,103,netflix,PG-13,1986,Movie,70136369,7.8,61,321382,Cult Movies
Fiddler on the Roof,United States,181,netflix,G,1971,Movie,80500000,8,67,39491,Classics
Fiddler on the Roof,United States,181,netflix,G,1971,Movie,80500000,8,67,39491,Drama
Fiddler on the Roof,United States,181,netflix,G,1971,Movie,80500000,8,67,39491,Musical
Finding Nemo,"United States, Australia",103,disney plus,G,2003,Movie,380843261,8.1,90,949565,Action-Adventure
Finding Nemo,"United States, Australia",103,disney plus,G,2003,Movie,380843261,8.1,90,949565,Animation
Finding Nemo,"United States, Australia",103,disney plus,G,2003,Movie,380843261,8.1,90,949565,Comedy
Flipped,United States,90,netflix,PG,2010,Movie,1752214,7.7,45,81446,Comedy
Flipped,United States,90,netflix,PG,2010,Movie,1752214,7.7,45,81446,Drama
Flipped,United States,90,netflix,PG,2010,Movie,1752214,7.7,45,81446,Romance
Frankenstein,Unknown,87,amazon prime,16+,2004,Movie,0,7.8,91,65341,Horror
Frankenstein,Unknown,87,amazon prime,16+,2004,Movie,0,7.8,91,65341,Science Fiction
Frankenstein,Unknown,87,amazon prime,16+,2004,Movie,0,7.8,91,65341,Suspense
Freaks,"United States, Canada",105,netflix,R,2018,Movie,0,7.9,80,42117,Independent Movies
Freaks,"United States, Canada",105,netflix,R,2018,Movie,0,7.9,80,42117,Sci-Fi & Fantasy
Freaks,"United States, Canada",105,netflix,R,2018,Movie,0,7.9,80,42117,Thriller
Gattaca,Unknown,106,hulu,PG-13,1997,Movie,12339633,7.8,64,280845,Drama
Gattaca,Unknown,106,hulu,PG-13,1997,Movie,12339633,7.8,64,280845,Science Fiction
Gattaca,Unknown,106,hulu,PG-13,1997,Movie,12339633,7.8,64,280845,Thriller
God's Own Country,United Kingdom,105,netflix,TV-MA,2017,Movie,335609,7.7,85,25198,Drama
God's Own Country,United Kingdom,105,netflix,TV-MA,2017,Movie,335609,7.7,85,25198,Independent Movies
God's Own Country,United Kingdom,105,netflix,TV-MA,2017,Movie,335609,7.7,85,25198,International
Goldfinger,United Kingdom,110,hulu,PG,1965,Movie,51081062,7.7,87,174119,Action
Goldfinger,United Kingdom,110,hulu,PG,1965,Movie,51081062,7.7,87,174119,Adventure
Goldfinger,United Kingdom,110,hulu,PG,1965,Movie,51081062,7.7,87,174119,Classics
Gone Girl,United States,146,hulu,TV-MA,2014,Movie,167767189,8.1,79,859695,Crime
Gone Girl,United States,146,hulu,TV-MA,2014,Movie,167767189,8.1,79,859695,Drama
Gone Girl,United States,146,hulu,TV-MA,2014,Movie,167767189,8.1,79,859695,Mystery
Good Will Hunting,United States,127,hulu,R,1997,Movie,138433435,8.3,70,861606,Drama
Gran Torino,"Germany, United States",117,netflix,R,2008,Movie,148095302,8.1,72,720450,Drama
Gully Boy,Unknown,154,amazon prime,16+,2019,Movie,5566534,8,65,31886,Drama
Gully Boy,Unknown,154,amazon prime,16+,2019,Movie,5566534,8,65,31886,International
Hachi: A Dog's Tale,"United Kingdom, United States",93,netflix,G,2009,Movie,0,8.1,0,253575,Children &Family Movies
Hachi: A Dog's Tale,"United Kingdom, United States",93,netflix,G,2009,Movie,0,8.1,0,253575,Drama
Haider,India,154,netflix,TV-MA,2014,Movie,901610,8.1,0,50445,Drama
Haider,India,154,netflix,TV-MA,2014,Movie,901610,8.1,0,50445,International
Haider,India,154,netflix,TV-MA,2014,Movie,901610,8.1,0,50445,Romance
Hamilton,United States,160,disney plus,PG-13,2020,Movie,0,8.6,90,55291,Biographical
Hamilton,United States,160,disney plus,PG-13,2020,Movie,0,8.6,90,55291,History
Hamilton,United States,160,disney plus,PG-13,2020,Movie,0,8.6,90,55291,Musical
Hamlet,Unknown,154,amazon prime,13+,1948,Movie,4414535,7.7,0,35991,Drama
Harold and Maude,United States,92,amazon prime,PG,1971,Movie,0,7.9,62,70826,Comedy
Harold and Maude,United States,92,amazon prime,PG,1971,Movie,0,7.9,62,70826,Drama
Hell or High Water,United States,102,netflix,R,2016,Movie,26862450,7.6,88,204175,Drama
Hell or High Water,United States,102,netflix,R,2016,Movie,26862450,7.6,88,204175,Independent Movies
Hell or High Water,Unknown,102,hulu,R,2016,Movie,26862450,7.6,88,204175,Action
Hell or High Water,Unknown,102,hulu,R,2016,Movie,26862450,7.6,88,204175,Adventure
Hell or High Water,Unknown,102,hulu,R,2016,Movie,26862450,7.6,88,204175,Crime
Her,United States,126,netflix,R,2013,Movie,25568251,8,90,540772,Drama
Her,United States,126,netflix,R,2013,Movie,25568251,8,90,540772,Romance
Her,United States,126,netflix,R,2013,Movie,25568251,8,90,540772,Sci-Fi & Fantasy
Hera Pheri,India,156,netflix,TV-14,1976,Movie,0,8.2,0,57057,Action-Adventure
Hera Pheri,India,156,netflix,TV-14,1976,Movie,0,8.2,0,57057,Comedy
Hera Pheri,India,156,netflix,TV-14,1976,Movie,0,8.2,0,57057,Drama
Hidden Figures,United States,128,disney plus,PG,2016,Movie,169607287,7.8,74,200876,Biographical
Hidden Figures,United States,128,disney plus,PG,2016,Movie,169607287,7.8,74,200876,Drama
Hidden Figures,United States,128,disney plus,PG,2016,Movie,169607287,7.8,74,200876,Family
High Noon,Unknown,85,amazon prime,PG,1952,Movie,9450000,7.9,89,97222,Drama
High Noon,Unknown,85,amazon prime,PG,1952,Movie,9450000,7.9,89,97222,Suspense
High Noon,Unknown,85,amazon prime,PG,1952,Movie,9450000,7.9,89,97222,Western
His Girl Friday,Unknown,92,amazon prime,16+,1940,Movie,296000,7.9,0,53667,Comedy
His Girl Friday,Unknown,92,amazon prime,16+,1940,Movie,296000,7.9,0,53667,Drama
His Girl Friday,Unknown,92,amazon prime,16+,1940,Movie,296000,7.9,0,53667,Romance
Home Alone,United States,103,disney plus,PG,1990,Movie,285761243,7.6,63,488817,Comedy
Home Alone,United States,103,disney plus,PG,1990,Movie,285761243,7.6,63,488817,Family
How to Train Your Dragon 2,United States,102,netflix,PG,2014,Movie,177002924,7.8,76,305611,Children &Family Movies
Hunt for the Wilderpeople,New Zealand,101,hulu,PG-13,2016,Movie,5202582,7.9,81,111483,Adventure
Hunt for the Wilderpeople,New Zealand,101,hulu,PG-13,2016,Movie,5202582,7.9,81,111483,Comedy
Hunt for the Wilderpeople,New Zealand,101,hulu,PG-13,2016,Movie,5202582,7.9,81,111483,Drama
Hunt for the Wilderpeople,New Zealand,101,netflix,PG-13,2016,Movie,5202582,7.9,81,111483,Action-Adventure
Hunt for the Wilderpeople,New Zealand,101,netflix,PG-13,2016,Movie,5202582,7.9,81,111483,Comedy
Hunt for the Wilderpeople,New Zealand,101,netflix,PG-13,2016,Movie,5202582,7.9,81,111483,Drama
I Am Sam,United States,132,netflix,PG-13,2001,Movie,40311852,7.7,28,142863,Drama
"I, Daniel Blake","United Kingdom, France, Belgium",100,netflix,R,2016,Movie,258168,7.9,78,53818,Drama
"I, Daniel Blake","United Kingdom, France, Belgium",100,netflix,R,2016,Movie,258168,7.9,78,53818,Independent Movies
In a Lonely Place,Unknown,93,amazon prime,13+,1950,Movie,0,8,0,26784,Drama
In a Lonely Place,Unknown,93,amazon prime,13+,1950,Movie,0,8,0,26784,Suspense
In Bruges,Unknown,108,amazon prime,R,2008,Movie,7757130,7.9,67,390334,Action
In Bruges,Unknown,108,amazon prime,R,2008,Movie,7757130,7.9,67,390334,Comedy
In Bruges,Unknown,108,amazon prime,R,2008,Movie,7757130,7.9,67,390334,Drama
Inception,"United States, United Kingdom",148,netflix,PG-13,2010,Movie,292576195,8.8,74,2067042,Action-Adventure
Inception,"United States, United Kingdom",148,netflix,PG-13,2010,Movie,292576195,8.8,74,2067042,Sci-Fi & Fantasy
Inception,"United States, United Kingdom",148,netflix,PG-13,2010,Movie,292576195,8.8,74,2067042,Thriller
Incredibles 2,United States,118,disney plus,PG,2018,Movie,608581744,7.6,80,250057,Action-Adventure
Incredibles 2,United States,118,disney plus,PG,2018,Movie,608581744,7.6,80,250057,Animation
Incredibles 2,United States,118,disney plus,PG,2018,Movie,608581744,7.6,80,250057,Family
Indiana Jones and the Last Crusade,United States,127,netflix,PG-13,1989,Movie,197171806,8.2,65,692366,Action-Adventure
Indiana Jones and the Last Crusade,United States,127,netflix,PG-13,1989,Movie,197171806,8.2,65,692366,Children &Family Movies
Indiana Jones and the Last Crusade,United States,127,netflix,PG-13,1989,Movie,197171806,8.2,65,692366,Classics
Inglourious Basterds,"Germany, United States",153,netflix,R,2009,Movie,120540719,8.3,69,1267869,Action-Adventure
Inside Out,United States,95,disney plus,PG,2015,Movie,356461711,8.1,94,616228,Animation
Inside Out,United States,95,disney plus,PG,2015,Movie,356461711,8.1,94,616228,Coming of Age
Inside Out,United States,95,disney plus,PG,2015,Movie,356461711,8.1,94,616228,Family
Inside Out,Unknown,95,amazon prime,16+,2005,Movie,356461711,8.1,94,616228,Suspense
Into the Wild,United States,148,netflix,R,2007,Movie,18354356,8.1,73,572921,Action-Adventure
Into the Wild,United States,148,netflix,R,2007,Movie,18354356,8.1,73,572921,Drama
Into the Wild,United States,148,netflix,R,2007,Movie,18354356,8.1,73,572921,Independent Movies
Invasion of the Body Snatchers,Unknown,80,amazon prime,PG,1956,Movie,0,7.7,92,44839,Drama
Invasion of the Body Snatchers,Unknown,80,amazon prime,PG,1956,Movie,0,7.7,92,44839,Horror
Invasion of the Body Snatchers,Unknown,80,amazon prime,PG,1956,Movie,0,7.7,92,44839,Science Fiction
Isle of Dogs,"United States, Germany, United Kingdom",102,disney plus,PG-13,2018,Movie,32015231,7.9,82,139114,Action-Adventure
Isle of Dogs,"United States, Germany, United Kingdom",102,disney plus,PG-13,2018,Movie,32015231,7.9,82,139114,Animation
Isle of Dogs,"United States, Germany, United Kingdom",102,disney plus,PG-13,2018,Movie,32015231,7.9,82,139114,Comedy
Jab We Met,India,143,netflix,TV-14,2007,Movie,410800,7.9,0,47720,Comedy
Jab We Met,India,143,netflix,TV-14,2007,Movie,410800,7.9,0,47720,International
Jab We Met,India,143,netflix,TV-14,2007,Movie,410800,7.9,0,47720,Musical
Jaws,United States,124,netflix,PG,1975,Movie,260000000,8,87,543388,Action-Adventure
Jaws,United States,124,netflix,PG,1975,Movie,260000000,8,87,543388,Classics
Jaws,United States,124,netflix,PG,1975,Movie,260000000,8,87,543388,Drama
Joker,India,129,amazon prime,ALL,2016,Movie,335451311,8.5,59,939252,Comedy
Joker,India,129,amazon prime,ALL,2016,Movie,335451311,8.5,59,939252,Drama
Joker,India,129,amazon prime,ALL,2016,Movie,335451311,8.5,59,939252,International
Joker,India,98,netflix,TV-PG,2012,Movie,335451311,8.5,59,939252,Comedy
Joker,India,98,netflix,TV-PG,2012,Movie,335451311,8.5,59,939252,International
Joker,India,98,netflix,TV-PG,2012,Movie,335451311,8.5,59,939252,Musical
Kahaani,India,122,netflix,TV-14,2012,Movie,1035953,8.1,0,57806,International
Kahaani,India,122,netflix,TV-14,2012,Movie,1035953,8.1,0,57806,Musical
Kahaani,India,122,netflix,TV-14,2012,Movie,1035953,8.1,0,57806,Thriller
Kal Ho Naa Ho,India,187,amazon prime,ALL,2003,Movie,1787378,8,54,63460,Comedy
Kal Ho Naa Ho,India,187,amazon prime,ALL,2003,Movie,1787378,8,54,63460,Drama
Kal Ho Naa Ho,India,187,amazon prime,ALL,2003,Movie,1787378,8,54,63460,International
Kal Ho Naa Ho,India,187,netflix,TV-14,2003,Movie,1787378,8,54,63460,Comedy
Kal Ho Naa Ho,India,187,netflix,TV-14,2003,Movie,1787378,8,54,63460,Drama
Kal Ho Naa Ho,India,187,netflix,TV-14,2003,Movie,1787378,8,54,63460,International
Kill Bill: Vol. 1,"United States, Japan",111,netflix,R,2003,Movie,70099045,8.1,69,1000639,Action-Adventure
Kill Bill: Vol. 2,United States,137,netflix,R,2004,Movie,66208183,8,83,683900,Action-Adventure
Klaus,"Spain, United Kingdom",98,netflix,PG,2019,Movie,0,8.2,65,104761,Children &Family Movies
Klaus,"Spain, United Kingdom",98,netflix,PG,2019,Movie,0,8.2,65,104761,Comedy
Knives Out,United States,130,amazon prime,PG-13,2019,Movie,165359751,7.9,82,454203,Comedy
La La Land,Unknown,128,hulu,PG-13,2016,Movie,151101803,8,94,505918,Comedy
La La Land,Unknown,128,hulu,PG-13,2016,Movie,151101803,8,94,505918,Drama
La La Land,Unknown,128,hulu,PG-13,2016,Movie,151101803,8,94,505918,Musical
Little Miss Sunshine,United States,103,amazon prime,R,2006,Movie,59891098,7.8,80,439856,Comedy
Little Miss Sunshine,United States,103,amazon prime,R,2006,Movie,59891098,7.8,80,439856,Drama
Little Women,Unknown,56,amazon prime,7+,1950,Movie,108101214,7.8,91,143250,Drama
"Lock, Stock and Two Smoking Barrels",United Kingdom,108,netflix,R,1998,Movie,3897569,8.2,66,535216,Action-Adventure
"Lock, Stock and Two Smoking Barrels",United Kingdom,108,netflix,R,1998,Movie,3897569,8.2,66,535216,Comedy
"Lock, Stock and Two Smoking Barrels",United Kingdom,108,netflix,R,1998,Movie,3897569,8.2,66,535216,Independent Movies
Logan,Unknown,138,hulu,R,2017,Movie,226277068,8.1,77,647884,Action
Logan,Unknown,138,hulu,R,2017,Movie,226277068,8.1,77,647884,Drama
Logan,Unknown,138,hulu,R,2017,Movie,226277068,8.1,77,647884,Science Fiction
Magnolia,United States,189,netflix,R,1999,Movie,22455976,8,77,289742,Drama
Magnolia,United States,189,netflix,R,1999,Movie,22455976,8,77,289742,Independent Movies
Manchester by the Sea,United States,137,amazon prime,R,2016,Movie,47695120,7.8,96,246963,Drama
Marriage Story,"United Kingdom, United States",137,netflix,R,2019,Movie,2000000,7.9,94,246644,Drama
Mary Poppins,United States,142,disney plus,G,1964,Movie,102272727,7.8,88,158029,Family
Mary Poppins,United States,142,disney plus,G,1964,Movie,102272727,7.8,88,158029,Fantasy
Mary Poppins,United States,142,disney plus,G,1964,Movie,102272727,7.8,88,158029,Musical
Million Dollar Baby,United States,133,netflix,PG-13,2004,Movie,100492203,8.1,86,635975,Drama
Million Dollar Baby,United States,133,netflix,PG-13,2004,Movie,100492203,8.1,86,635975,Sports
Minority Report,United States,145,amazon prime,PG-13,2002,Movie,132072926,7.6,80,508417,Drama
Minority Report,United States,145,amazon prime,PG-13,2002,Movie,132072926,7.6,80,508417,Science Fiction
Mississippi Burning,United States,127,hulu,R,1989,Movie,34603943,7.8,65,88214,Classics
Mississippi Burning,United States,127,hulu,R,1989,Movie,34603943,7.8,65,88214,Crime
Mississippi Burning,United States,127,hulu,R,1989,Movie,34603943,7.8,65,88214,Drama
Moana,United States,108,disney plus,PG,2016,Movie,248757044,7.6,81,272784,Action-Adventure
Moana,United States,108,disney plus,PG,2016,Movie,248757044,7.6,81,272784,Animation
Moana,United States,108,disney plus,PG,2016,Movie,248757044,7.6,81,272784,Family
Mommy,Unknown,139,hulu,R,2014,Movie,3492754,8.1,74,50700,Drama
Mommy,Unknown,139,hulu,R,2014,Movie,3492754,8.1,74,50700,International
"Monsters, Inc.",United States,93,disney plus,G,2001,Movie,289916256,8.1,79,815505,Animation
"Monsters, Inc.",United States,93,disney plus,G,2001,Movie,289916256,8.1,79,815505,Buddy
"Monsters, Inc.",United States,93,disney plus,G,2001,Movie,289916256,8.1,79,815505,Comedy
Monty Python and the Holy Grail,United Kingdom,92,netflix,PG,1975,Movie,1229197,8.2,91,500875,Action-Adventure
Monty Python and the Holy Grail,United Kingdom,92,netflix,PG,1975,Movie,1229197,8.2,91,500875,Classics
Monty Python and the Holy Grail,United Kingdom,92,netflix,PG,1975,Movie,1229197,8.2,91,500875,Comedy
Moon,"United Kingdom, United States",97,netflix,R,2009,Movie,5009677,7.9,67,335152,Drama
Moon,"United Kingdom, United States",97,netflix,R,2009,Movie,5009677,7.9,67,335152,Independent Movies
Moon,"United Kingdom, United States",97,netflix,R,2009,Movie,5009677,7.9,67,335152,Sci-Fi & Fantasy
Mulan,"United States, Canada, Hong Kong",117,disney plus,PG-13,2020,Movie,120620254,7.6,71,256906,Action-Adventure
Mulan,"United States, Canada, Hong Kong",117,disney plus,PG-13,2020,Movie,120620254,7.6,71,256906,Coming of Age
Mulan,"United States, Canada, Hong Kong",117,disney plus,PG-13,2020,Movie,120620254,7.6,71,256906,Drama
My Fair Lady,United States,173,netflix,G,1964,Movie,72000000,7.8,95,86525,Classics
My Fair Lady,United States,173,netflix,G,1964,Movie,72000000,7.8,95,86525,Musical
Mystic River,"United States, Australia",138,netflix,R,2003,Movie,90135191,7.9,84,419420,Drama
Mystic River,"United States, Australia",138,netflix,R,2003,Movie,90135191,7.9,84,419420,Thriller
Naked,United States,97,netflix,TV-14,2017,Movie,1769305,7.8,84,34635,Comedy
Naked,United States,97,netflix,TV-14,2017,Movie,1769305,7.8,84,34635,Romance
Night of the Living Dead,Unknown,86,hulu,TV-MA,1968,Movie,89029,7.9,89,116557,Classics
Night of the Living Dead,Unknown,86,hulu,TV-MA,1968,Movie,89029,7.9,89,116557,Horror
Night of the Living Dead,Unknown,86,hulu,TV-MA,1968,Movie,89029,7.9,89,116557,Thriller
Nightcrawler,United States,118,netflix,R,2014,Movie,32381218,7.9,76,466134,Drama
Nightcrawler,United States,118,netflix,R,2014,Movie,32381218,7.9,76,466134,Independent Movies
Nightcrawler,United States,118,netflix,R,2014,Movie,32381218,7.9,76,466134,Thriller
Ocean's Eleven,United States,127,netflix,TV-PG,1960,Movie,183417150,7.7,74,516372,Action-Adventure
Ocean's Eleven,United States,127,netflix,TV-PG,1960,Movie,183417150,7.7,74,516372,Classics
Ocean's Eleven,United States,127,netflix,TV-PG,1960,Movie,183417150,7.7,74,516372,Comedy
On Golden Pond,Unknown,109,amazon prime,PG,1981,Movie,119285432,7.6,68,27650,Drama
Once Upon a Time in America,"Italy, United States",229,netflix,R,1984,Movie,5321508,8.4,0,311365,Classics
Once Upon a Time in America,"Italy, United States",229,netflix,R,1984,Movie,5321508,8.4,0,311365,Drama
Once Upon a Time in the West,"Italy, United States",166,netflix,PG-13,1968,Movie,5321508,8.5,80,302844,Action-Adventure
Once Upon a Time in the West,"Italy, United States",166,netflix,PG-13,1968,Movie,5321508,8.5,80,302844,Classics
Once Upon a Time in the West,"Italy, United States",166,netflix,PG-13,1968,Movie,5321508,8.5,80,302844,International
Ordinary People,Philippines,107,netflix,TV-MA,2016,Movie,54800000,7.7,86,47099,Drama
Ordinary People,Philippines,107,netflix,TV-MA,2016,Movie,54800000,7.7,86,47099,Independent Movies
Ordinary People,Philippines,107,netflix,TV-MA,2016,Movie,54800000,7.7,86,47099,International
Paan Singh Tomar,India,129,netflix,TV-14,2010,Movie,39567,8.2,0,33237,Action-Adventure
Paan Singh Tomar,India,129,netflix,TV-14,2010,Movie,39567,8.2,0,33237,Drama
Paan Singh Tomar,India,129,netflix,TV-14,2010,Movie,39567,8.2,0,33237,International
Pan's Labyrinth,"Mexico, Spain",119,netflix,R,2006,Movie,37634615,8.2,98,618623,Drama
Pan's Labyrinth,"Mexico, Spain",119,netflix,R,2006,Movie,37634615,8.2,98,618623,International
Pan's Labyrinth,"Mexico, Spain",119,netflix,R,2006,Movie,37634615,8.2,98,618623,Sci-Fi & Fantasy
Paper Moon,Unknown,102,amazon prime,PG,1973,Movie,30933743,8.1,77,42285,Comedy
Paper Moon,Unknown,102,amazon prime,PG,1973,Movie,30933743,8.1,77,42285,Drama
Papillon,"United States, Czech Republic, Spain",133,hulu,R,2017,Movie,53267000,8,58,121627,Action
Papillon,"United States, Czech Republic, Spain",133,hulu,R,2017,Movie,53267000,8,58,121627,Adventure
Papillon,"United States, Czech Republic, Spain",133,hulu,R,2017,Movie,53267000,8,58,121627,Drama
Papillon,Unknown,133,amazon prime,R,2018,Movie,53267000,8,58,121627,Action
Papillon,Unknown,133,amazon prime,R,2018,Movie,53267000,8,58,121627,Adventure
Papillon,Unknown,133,amazon prime,R,2018,Movie,53267000,8,58,121627,Drama
Peeping Tom,Unknown,101,amazon prime,16+,1962,Movie,83957,7.7,0,31354,Suspense
Philadelphia,United States,126,netflix,PG-13,1993,Movie,77324422,7.7,66,224169,Classics
Philadelphia,United States,126,netflix,PG-13,1993,Movie,77324422,7.7,66,224169,Drama
Philadelphia,United States,126,netflix,PG-13,1993,Movie,77324422,7.7,66,224169,LGBTQ+
Philomena,"United Kingdom, United States, France",98,netflix,PG-13,2013,Movie,37707719,7.6,77,94212,Drama
Philomena,"United Kingdom, United States, France",98,netflix,PG-13,2013,Movie,37707719,7.6,77,94212,Independent Movies
Philomena,"United Kingdom, United States, France",98,netflix,PG-13,2013,Movie,37707719,7.6,77,94212,International
Pink,India,130,netflix,TV-14,2016,Movie,1241223,8.1,0,39216,Drama
Pink,India,130,netflix,TV-14,2016,Movie,1241223,8.1,0,39216,International
Pirates of the Caribbean: The Curse of the Black Pearl,United States,144,disney plus,PG-13,2003,Movie,305413918,8,63,1015122,Action-Adventure
Pirates of the Caribbean: The Curse of the Black Pearl,United States,144,disney plus,PG-13,2003,Movie,305413918,8,63,1015122,Fantasy
PK,India,146,netflix,TV-14,2014,Movie,10616104,8.1,0,163061,Comedy
PK,India,146,netflix,TV-14,2014,Movie,10616104,8.1,0,163061,Drama
PK,India,146,netflix,TV-14,2014,Movie,10616104,8.1,0,163061,International
Platoon,"United States, United Kingdom",120,netflix,R,1986,Movie,138530565,8.1,92,381222,Action-Adventure
Platoon,"United States, United Kingdom",120,netflix,R,1986,Movie,138530565,8.1,92,381222,Classics
Platoon,"United States, United Kingdom",120,netflix,R,1986,Movie,138530565,8.1,92,381222,Drama
Pride,Unknown,120,amazon prime,R,2014,Movie,0,7.8,79,51841,Arthouse
Pride,Unknown,120,amazon prime,R,2014,Movie,0,7.8,79,51841,Comedy
Pride,Unknown,120,amazon prime,R,2014,Movie,0,7.8,79,51841,Documentary
Primal Fear,United States,131,netflix,R,1996,Movie,56116183,7.7,47,189716,Drama
Primal Fear,United States,131,netflix,R,1996,Movie,56116183,7.7,47,189716,Thriller
Prisoners,United States,153,hulu,R,2013,Movie,61002302,8.1,70,601149,Crime
Prisoners,United States,153,hulu,R,2013,Movie,61002302,8.1,70,601149,Drama
Prisoners,United States,153,hulu,R,2013,Movie,61002302,8.1,70,601149,Horror
Psycho,India,143,netflix,TV-MA,2020,Movie,32000000,8.5,97,604211,Horror
Psycho,India,143,netflix,TV-MA,2020,Movie,32000000,8.5,97,604211,International
Psycho,India,143,netflix,TV-MA,2020,Movie,32000000,8.5,97,604211,Thriller
Pulp Fiction,United States,154,netflix,R,1994,Movie,107928762,8.9,94,1826188,Classics
Pulp Fiction,United States,154,netflix,R,1994,Movie,107928762,8.9,94,1826188,Cult Movies
Pulp Fiction,United States,154,netflix,R,1994,Movie,107928762,8.9,94,1826188,Drama
Queen,India,138,netflix,TV-MA,2014,Movie,1429534,8.2,0,60701,Comedy
Queen,India,138,netflix,TV-MA,2014,Movie,1429534,8.2,0,60701,Drama
Queen,India,138,netflix,TV-MA,2014,Movie,1429534,8.2,0,60701,International
Raazi,India,137,amazon prime,13+,2018,Movie,0,7.8,0,25344,Drama
Raazi,India,137,amazon prime,13+,2018,Movie,0,7.8,0,25344,International
Raazi,India,137,amazon prime,13+,2018,Movie,0,7.8,0,25344,Suspense
Raging Bull,United States,129,netflix,R,1980,Movie,23383987,8.2,89,321860,Classics
Raging Bull,United States,129,netflix,R,1980,Movie,23383987,8.2,89,321860,Drama
Raging Bull,United States,129,netflix,R,1980,Movie,23383987,8.2,89,321860,Sports
Rain Man,United States,134,netflix,R,1988,Movie,178800000,8,65,473064,Classics
Rain Man,United States,134,netflix,R,1988,Movie,178800000,8,65,473064,Drama
Rang De Basanti,India,159,netflix,TV-14,2006,Movie,2197331,8.2,0,111937,Drama
Rang De Basanti,India,159,netflix,TV-14,2006,Movie,2197331,8.2,0,111937,International
Ratatouille,United States,111,disney plus,G,2007,Movie,206445654,8,96,641645,Animation
Ratatouille,United States,111,disney plus,G,2007,Movie,206445654,8,96,641645,Comedy
Ratatouille,United States,111,disney plus,G,2007,Movie,206445654,8,96,641645,Family
Rebecca,United Kingdom,123,netflix,PG-13,2020,Movie,4360000,8.1,86,123942,Drama
Rebecca,United Kingdom,123,netflix,PG-13,2020,Movie,4360000,8.1,86,123942,Romance
Rebecca,United Kingdom,123,netflix,PG-13,2020,Movie,4360000,8.1,86,123942,Thriller
Rebel Without a Cause,United States,111,netflix,PG-13,1955,Movie,0,7.7,89,83363,Classics
Rebel Without a Cause,United States,111,netflix,PG-13,1955,Movie,0,7.7,89,83363,Drama
Remember the Titans,United States,114,disney plus,PG,2000,Movie,115654751,7.8,48,198089,Drama
Remember the Titans,United States,114,disney plus,PG,2000,Movie,115654751,7.8,48,198089,History
Remember the Titans,United States,114,disney plus,PG,2000,Movie,115654751,7.8,48,198089,Sports
Road to Perdition,Unknown,117,hulu,R,2002,Movie,104454762,7.7,72,246840,Crime
Road to Perdition,Unknown,117,hulu,R,2002,Movie,104454762,7.7,72,246840,Drama
Rocky,United States,120,netflix,PG,1976,Movie,117235247,8.1,70,518546,Action-Adventure
Rocky,United States,120,netflix,PG,1976,Movie,117235247,8.1,70,518546,Classics
Rocky,United States,120,netflix,PG,1976,Movie,117235247,8.1,70,518546,Drama
Roman Holiday,Unknown,118,amazon prime,7+,1953,Movie,0,8,78,127256,Comedy
Roman Holiday,Unknown,118,amazon prime,7+,1953,Movie,0,8,78,127256,Romance
Room,"Ireland, Canada, United Kingdom, United States",118,netflix,R,2015,Movie,14677674,8.1,86,371538,Drama
Room,"Ireland, Canada, United Kingdom, United States",118,netflix,R,2015,Movie,14677674,8.1,86,371538,Independent Movies
Rosemary's Baby,United States,137,netflix,R,1968,Movie,0,8,96,193674,Classics
Rosemary's Baby,United States,137,netflix,R,1968,Movie,0,8,96,193674,Horror
Rosemary's Baby,United States,137,netflix,R,1968,Movie,0,8,96,193674,Thriller
Rush,"United Kingdom, Germany, United States",123,netflix,R,2013,Movie,26947624,8.1,74,432811,Action-Adventure
Rush,"United Kingdom, Germany, United States",123,netflix,R,2013,Movie,26947624,8.1,74,432811,Drama
Rush,"United Kingdom, Germany, United States",123,netflix,R,2013,Movie,26947624,8.1,74,432811,International
Rushmore,Unknown,93,hulu,R,1998,Movie,17105219,7.7,86,169229,Comedy
Rushmore,Unknown,93,hulu,R,1998,Movie,17105219,7.7,86,169229,Teen
Sabrina,Indonesia,114,netflix,TV-MA,2018,Movie,0,7.7,72,59415,Horror
Sabrina,Indonesia,114,netflix,TV-MA,2018,Movie,0,7.7,72,59415,International
Schindler's List,United States,195,netflix,R,1993,Movie,96898818,8.9,94,1213505,Classics
Schindler's List,United States,195,netflix,R,1993,Movie,96898818,8.9,94,1213505,Drama
Seven Pounds,United States,123,netflix,PG-13,2008,Movie,69951824,7.6,36,286770,Drama
Seven Pounds,United States,123,netflix,PG-13,2008,Movie,69951824,7.6,36,286770,Romance
Sherlock Holmes,"United States, Germany, United Kingdom, Australia",128,netflix,PG-13,2009,Movie,209028679,7.6,57,583158,Action-Adventure
Sherlock Holmes,"United States, Germany, United Kingdom, Australia",128,netflix,PG-13,2009,Movie,209028679,7.6,57,583158,Comedy
Short Term 12,United States,97,netflix,R,2013,Movie,1010414,8,82,81770,Drama
Short Term 12,United States,97,netflix,R,2013,Movie,1010414,8,82,81770,Independent Movies
Shrek,"United States, Japan",120,hulu,TV-PG,2001,Movie,267665011,7.8,84,613941,Action
Shrek,"United States, Japan",120,hulu,TV-PG,2001,Movie,267665011,7.8,84,613941,Adventure
Shrek,"United States, Japan",120,hulu,TV-PG,2001,Movie,267665011,7.8,84,613941,Animation
Shutter Island,United States,139,netflix,R,2010,Movie,128012934,8.2,63,1129894,Thriller
Silver Linings Playbook,United States,122,netflix,R,2012,Movie,132092958,7.7,81,661871,Comedy
Silver Linings Playbook,United States,122,netflix,R,2012,Movie,132092958,7.7,81,661871,Drama
Silver Linings Playbook,United States,122,netflix,R,2012,Movie,132092958,7.7,81,661871,Independent Movies
Sin City,Unknown,101,netflix,TV-14,2019,Movie,74103820,8,74,738512,International
Sin City,Unknown,101,netflix,TV-14,2019,Movie,74103820,8,74,738512,Thriller
Skyfall,Unknown,143,hulu,PG-13,2012,Movie,304360277,7.7,81,630614,Action
Skyfall,Unknown,143,hulu,PG-13,2012,Movie,304360277,7.7,81,630614,Adventure
Skyfall,Unknown,143,hulu,PG-13,2012,Movie,304360277,7.7,81,630614,Thriller
Sling Blade,United States,135,netflix,R,1996,Movie,24475416,8,84,86838,Drama
Sling Blade,United States,135,netflix,R,1996,Movie,24475416,8,84,86838,Independent Movies
Slumdog Millionaire,Unknown,121,hulu,R,2008,Movie,141319928,8,84,798882,Drama
Slumdog Millionaire,Unknown,121,hulu,R,2008,Movie,141319928,8,84,798882,International
Slumdog Millionaire,Unknown,121,hulu,R,2008,Movie,141319928,8,84,798882,Romance
Snatch,Unknown,103,hulu,R,2000,Movie,30328156,8.3,55,782001,Action
Snatch,Unknown,103,hulu,R,2000,Movie,30328156,8.3,55,782001,Adventure
Snatch,Unknown,103,hulu,R,2000,Movie,30328156,8.3,55,782001,Comedy
Soul,United States,107,disney plus,PG,2020,Movie,0,8.1,83,159171,Animation
Soul,United States,107,disney plus,PG,2020,Movie,0,8.1,83,159171,Comedy
Soul,United States,107,disney plus,PG,2020,Movie,0,8.1,83,159171,Family
Sound of Metal,United States,121,amazon prime,R,2020,Movie,0,7.8,81,27187,Drama
Spider-Man: Into the Spider-Verse,United States,117,netflix,PG,2018,Movie,190241310,8.4,87,375110,Action-Adventure
Spider-Man: Into the Spider-Verse,United States,117,netflix,PG,2018,Movie,190241310,8.4,87,375110,Comedy
Spotlight,United States,129,netflix,R,2015,Movie,45055776,8.1,93,420316,Drama
Spotlight,United States,129,netflix,R,2015,Movie,45055776,8.1,93,420316,Independent Movies
Stalker,Unknown,86,hulu,Unknown,2020,Movie,234723,8.2,0,116945,Horror
Stalker,Unknown,86,hulu,Unknown,2020,Movie,234723,8.2,0,116945,Thriller
Star Trek II: The Wrath of Khan,United States,113,hulu,PG,1982,Movie,78912963,7.7,67,112704,Action
Star Trek II: The Wrath of Khan,United States,113,hulu,PG,1982,Movie,78912963,7.7,67,112704,Adventure
Star Trek II: The Wrath of Khan,United States,113,hulu,PG,1982,Movie,78912963,7.7,67,112704,Classics
Star Trek,"United States, Germany",128,netflix,PG-13,2009,Movie,257730019,7.9,82,577336,Action-Adventure
Star Trek,"United States, Germany",128,netflix,PG-13,2009,Movie,257730019,7.9,82,577336,Sci-Fi & Fantasy
Stardust,"United Kingdom, United States",128,netflix,PG-13,2007,Movie,38634938,7.6,66,255036,Action-Adventure
Stardust,"United Kingdom, United States",128,netflix,PG-13,2007,Movie,38634938,7.6,66,255036,International
Stardust,"United Kingdom, United States",128,netflix,PG-13,2007,Movie,38634938,7.6,66,255036,Romance
Stardust,Unknown,109,hulu,Unknown,2020,Movie,38634938,7.6,66,255036,Drama
Stardust,Unknown,109,hulu,Unknown,2020,Movie,38634938,7.6,66,255036,Musical
Taare Zameen Par,India,162,netflix,PG,2007,Movie,1223869,8.4,0,168895,Drama
Taare Zameen Par,India,162,netflix,PG,2007,Movie,1223869,8.4,0,168895,International
Taken,Unknown,91,amazon prime,PG-13,2009,Movie,145000989,7.8,51,564791,Action
Taken,Unknown,91,amazon prime,PG-13,2009,Movie,145000989,7.8,51,564791,Drama
Tangled,United States,101,disney plus,PG,2010,Movie,200821936,7.7,71,405922,Action-Adventure
Tangled,United States,101,disney plus,PG,2010,Movie,200821936,7.7,71,405922,Animation
Tangled,United States,101,disney plus,PG,2010,Movie,200821936,7.7,71,405922,Family
Taxi Driver,Nigeria,94,netflix,TV-MA,2015,Movie,28262574,8.3,94,724636,Comedy
Taxi Driver,Nigeria,94,netflix,TV-MA,2015,Movie,28262574,8.3,94,724636,Drama
Taxi Driver,Nigeria,94,netflix,TV-MA,2015,Movie,28262574,8.3,94,724636,Independent Movies
The African Queen,Unknown,105,amazon prime,13+,1952,Movie,536118,7.7,91,71481,Adventure
The African Queen,Unknown,105,amazon prime,13+,1952,Movie,536118,7.7,91,71481,Drama
The African Queen,Unknown,105,amazon prime,13+,1952,Movie,536118,7.7,91,71481,Military and War
The Artist,"France, Belgium, United States",101,netflix,PG-13,2011,Movie,44671682,7.9,89,230624,Comedy
The Artist,"France, Belgium, United States",101,netflix,PG-13,2011,Movie,44671682,7.9,89,230624,Drama
The Artist,"France, Belgium, United States",101,netflix,PG-13,2011,Movie,44671682,7.9,89,230624,Independent Movies
The Artist,Unknown,101,hulu,PG-13,2011,Movie,44671682,7.9,89,230624,Comedy
The Artist,Unknown,101,hulu,PG-13,2011,Movie,44671682,7.9,89,230624,Drama
The Artist,Unknown,101,hulu,PG-13,2011,Movie,44671682,7.9,89,230624,Romance
The Big Sleep,Unknown,29,amazon prime,NR,2007,Movie,6540000,7.9,0,78796,Concerts
The Conversation,Unknown,114,hulu,PG,1974,Movie,4420000,7.8,85,98611,Classics
The Conversation,Unknown,114,hulu,PG,1974,Movie,4420000,7.8,85,98611,Crime
The Conversation,Unknown,114,hulu,PG,1974,Movie,4420000,7.8,85,98611,Drama
The Count of Monte Cristo,Unknown,103,amazon prime,13+,1975,Movie,54234062,7.8,61,129022,Drama
The Departed,"United States, Hong Kong",151,netflix,R,2006,Movie,132384315,8.5,85,1189773,Drama
The Departed,"United States, Hong Kong",151,netflix,R,2006,Movie,132384315,8.5,85,1189773,Thriller
The Elephant Man,Unknown,123,amazon prime,PG,1980,Movie,0,8.1,78,220078,Drama
The Elephant Man,Unknown,123,amazon prime,PG,1980,Movie,0,8.1,78,220078,Suspense
The Fault in Our Stars,United States,127,disney plus,PG-13,2014,Movie,124872350,7.7,69,344312,Coming of Age
The Fault in Our Stars,United States,127,disney plus,PG-13,2014,Movie,124872350,7.7,69,344312,Drama
The Fault in Our Stars,United States,127,disney plus,PG-13,2014,Movie,124872350,7.7,69,344312,Romance
The Fighter,United States,116,netflix,R,2010,Movie,93617009,7.8,79,340584,Drama
The Fighter,United States,116,netflix,R,2010,Movie,93617009,7.8,79,340584,Sports
The Florida Project,United States,111,netflix,R,2017,Movie,5904366,7.6,92,95181,Drama
The Florida Project,United States,111,netflix,R,2017,Movie,5904366,7.6,92,95181,Independent Movies
The Game,United States,129,netflix,R,1997,Movie,48323648,7.8,61,345096,Thriller
The Game,Unknown,80,amazon prime,16+,2021,Movie,48323648,7.8,61,345096,Comedy
The Game,Unknown,80,amazon prime,16+,2021,Movie,48323648,7.8,61,345096,Unscripted
The Girl with the Dragon Tattoo,"United States, Sweden, Norway",158,netflix,R,2011,Movie,102515793,7.8,71,423010,Drama
The Girl with the Dragon Tattoo,"United States, Sweden, Norway",158,netflix,R,2011,Movie,102515793,7.8,71,423010,Thriller
The Graduate,Unknown,106,amazon prime,PG,1967,Movie,104945305,8,83,253676,Comedy
The Graduate,Unknown,106,amazon prime,PG,1967,Movie,104945305,8,83,253676,Drama
The Hateful Eight,United States,168,netflix,R,2015,Movie,54117416,7.8,68,517059,Action-Adventure
The Hateful Eight,United States,168,netflix,R,2015,Movie,54117416,7.8,68,517059,Thriller
The Help,United States,147,netflix,PG-13,2011,Movie,169708112,8,62,428521,Drama
The Hurricane,Unknown,104,amazon prime,13+,1938,Movie,50668906,7.6,74,91557,Action
The Hurricane,Unknown,104,amazon prime,13+,1938,Movie,50668906,7.6,74,91557,Drama
The Hurricane,Unknown,104,amazon prime,13+,1938,Movie,50668906,7.6,74,91557,Romance
The Incredibles,United States,116,disney plus,PG,2004,Movie,261441092,8,90,657047,Action-Adventure
The Incredibles,United States,116,disney plus,PG,2004,Movie,261441092,8,90,657047,Animation
The Incredibles,United States,116,disney plus,PG,2004,Movie,261441092,8,90,657047,Family
The Intouchables,France,112,netflix,R,2011,Movie,13182281,8.5,57,760360,Comedy
The Intouchables,France,112,netflix,R,2011,Movie,13182281,8.5,57,760360,Drama
The Intouchables,France,112,netflix,R,2011,Movie,13182281,8.5,57,760360,International
The Irishman,United States,209,netflix,R,2019,Movie,7000000,7.9,94,324720,Drama
The Jungle Book,"United Kingdom, United States",108,disney plus,PG,2016,Movie,141843612,7.6,65,166409,Action-Adventure
The Jungle Book,"United Kingdom, United States",108,disney plus,PG,2016,Movie,141843612,7.6,65,166409,Coming of Age
The Jungle Book,"United Kingdom, United States",108,disney plus,PG,2016,Movie,141843612,7.6,65,166409,Family
The Kid,United States,100,hulu,R,2019,Movie,5450000,8.3,0,113314,Action
The Kid,United States,100,hulu,R,2019,Movie,5450000,8.3,0,113314,Adventure
The Kid,United States,100,hulu,R,2019,Movie,5450000,8.3,0,113314,Drama
The King's Speech,"United Kingdom, United States, Australia",118,netflix,R,2010,Movie,138797449,8,88,639603,Drama
The King's Speech,"United Kingdom, United States, Australia",118,netflix,R,2010,Movie,138797449,8,88,639603,International
The Lady Vanishes,Unknown,86,amazon prime,Unknown,1938,Movie,0,7.8,98,47400,Drama
The Lady Vanishes,Unknown,86,amazon prime,Unknown,1938,Movie,0,7.8,98,47400,Suspense
The Lion King,"United States, United Kingdom, South Africa",125,disney plus,PG,2019,Movie,422783777,8.5,88,942045,Action-Adventure
The Lion King,"United States, United Kingdom, South Africa",125,disney plus,PG,2019,Movie,422783777,8.5,88,942045,Coming of Age
The Lion King,"United States, United Kingdom, South Africa",125,disney plus,PG,2019,Movie,422783777,8.5,88,942045,Drama
The Little Mermaid,United States,85,netflix,PG,2018,Movie,111543479,7.6,88,237696,Children &Family Movies
The Little Mermaid,United States,85,netflix,PG,2018,Movie,111543479,7.6,88,237696,Drama
The Little Mermaid,United States,86,disney plus,G,1989,Movie,111543479,7.6,88,237696,Animation
The Little Mermaid,United States,86,disney plus,G,1989,Movie,111543479,7.6,88,237696,Family
The Little Mermaid,United States,86,disney plus,G,1989,Movie,111543479,7.6,88,237696,Fantasy
The Lives of Others,Germany,138,netflix,R,2006,Movie,11286112,8.4,89,358685,Drama
The Lives of Others,Germany,138,netflix,R,2006,Movie,11286112,8.4,89,358685,International
The Lives of Others,Germany,138,netflix,R,2006,Movie,11286112,8.4,89,358685,Thriller
The Lord of the Rings: The Return of the King,"New Zealand, United States",201,netflix,PG-13,2003,Movie,377845905,8.9,94,1642758,Action-Adventure
The Lord of the Rings: The Return of the King,"New Zealand, United States",201,netflix,PG-13,2003,Movie,377845905,8.9,94,1642758,Sci-Fi & Fantasy
The Lord of the Rings: The Two Towers,"New Zealand, United States",179,netflix,PG-13,2002,Movie,342551365,8.7,87,1485555,Action-Adventure
The Lord of the Rings: The Two Towers,"New Zealand, United States",179,netflix,PG-13,2002,Movie,342551365,8.7,87,1485555,Sci-Fi & Fantasy
The Machinist,"Spain, France, United Kingdom, United States",102,netflix,R,2004,Movie,1082715,7.7,61,358432,Drama
The Machinist,"Spain, France, United Kingdom, United States",102,netflix,R,2004,Movie,1082715,7.7,61,358432,Independent Movies
The Machinist,"Spain, France, United Kingdom, United States",102,netflix,R,2004,Movie,1082715,7.7,61,358432,Thriller
The Manchurian Candidate,Unknown,130,hulu,R,2004,Movie,0,7.9,94,71122,Drama
The Manchurian Candidate,Unknown,130,hulu,R,2004,Movie,0,7.9,94,71122,Mystery
The Manchurian Candidate,Unknown,130,hulu,R,2004,Movie,0,7.9,94,71122,Science Fiction
The Matrix,United States,136,netflix,R,1999,Movie,171479930,8.7,73,1676426,Action-Adventure
The Matrix,United States,136,netflix,R,1999,Movie,171479930,8.7,73,1676426,Sci-Fi & Fantasy
The Muppet Christmas Carol,"United States, United Kingdom",87,disney plus,G,1992,Movie,27281507,7.7,64,50298,Comedy
The Muppet Christmas Carol,"United States, United Kingdom",87,disney plus,G,1992,Movie,27281507,7.7,64,50298,Drama
The Muppet Christmas Carol,"United States, United Kingdom",87,disney plus,G,1992,Movie,27281507,7.7,64,50298,Family
The Muppet Movie,"United Kingdom, United States",95,disney plus,G,1979,Movie,76657000,7.6,74,32802,Action-Adventure
The Muppet Movie,"United Kingdom, United States",95,disney plus,G,1979,Movie,76657000,7.6,74,32802,Comedy
The Muppet Movie,"United Kingdom, United States",95,disney plus,G,1979,Movie,76657000,7.6,74,32802,Family
The Naked Gun: From the Files of Police Squad!,United States,85,netflix,PG-13,1988,Movie,78756177,7.6,76,152871,Comedy
The Naked Gun: From the Files of Police Squad!,United States,85,netflix,PG-13,1988,Movie,78756177,7.6,76,152871,Cult Movies
The Odd Couple,Unknown,105,amazon prime,G,1968,Movie,44527234,7.7,86,31572,Comedy
The Odd Couple,Unknown,105,amazon prime,G,1968,Movie,44527234,7.7,86,31572,Drama
The Outlaw Josey Wales,United States,136,netflix,PG,1976,Movie,31800000,7.8,69,65659,Action-Adventure
The Outlaw Josey Wales,United States,136,netflix,PG,1976,Movie,31800000,7.8,69,65659,Classics
The Peanut Butter Falcon,United States,97,hulu,PG-13,2019,Movie,13122642,7.6,70,66346,Action
The Peanut Butter Falcon,United States,97,hulu,PG-13,2019,Movie,13122642,7.6,70,66346,Adventure
The Peanut Butter Falcon,United States,97,hulu,PG-13,2019,Movie,13122642,7.6,70,66346,Comedy
The Perks of Being a Wallflower,United States,103,netflix,PG-13,2012,Movie,17738570,8,67,462252,Comedy
The Perks of Being a Wallflower,United States,103,netflix,PG-13,2012,Movie,17738570,8,67,462252,Drama
The Pianist,"United Kingdom, France, Poland, Germany, United States",149,netflix,R,2002,Movie,32572577,8.5,85,729603,Drama
The Pianist,"United Kingdom, France, Poland, Germany, United States",149,netflix,R,2002,Movie,32572577,8.5,85,729603,Independent Movies
The Pianist,"United Kingdom, France, Poland, Germany, United States",149,netflix,R,2002,Movie,32572577,8.5,85,729603,International
The Princess Bride,"United Kingdom, United States",99,disney plus,PG,1987,Movie,30857814,8,77,393899,Action-Adventure
The Princess Bride,"United Kingdom, United States",99,disney plus,PG,1987,Movie,30857814,8,77,393899,Comedy
The Princess Bride,"United Kingdom, United States",99,disney plus,PG,1987,Movie,30857814,8,77,393899,Family
The Princess Bride,Unknown,98,amazon prime,PG,1987,Movie,30857814,8,77,393899,Action
The Princess Bride,Unknown,98,amazon prime,PG,1987,Movie,30857814,8,77,393899,Kids
The Princess Bride,Unknown,98,amazon prime,PG,1987,Movie,30857814,8,77,393899,Science Fiction
The Pursuit of Happyness,United States,117,netflix,PG-13,2006,Movie,163566459,8,64,448930,Drama
The Quiet Man,Unknown,129,amazon prime,13+,1952,Movie,10550000,7.7,0,34677,Comedy
The Quiet Man,Unknown,129,amazon prime,13+,1952,Movie,10550000,7.7,0,34677,Drama
The Sandlot,United States,101,disney plus,PG,1993,Movie,32416586,7.8,55,78963,Comedy
The Sandlot,United States,101,disney plus,PG,1993,Movie,32416586,7.8,55,78963,Coming of Age
The Sandlot,United States,101,disney plus,PG,1993,Movie,32416586,7.8,55,78963,Family
The Social Network,United States,121,netflix,PG-13,2010,Movie,96962694,7.7,95,624982,Drama
The Social Network,Unknown,120,amazon prime,PG-13,2010,Movie,96962694,7.7,95,624982,Comedy
The Social Network,Unknown,120,amazon prime,PG-13,2010,Movie,96962694,7.7,95,624982,Drama
The Sound of Music,United States,175,disney plus,G,1965,Movie,163214286,8,63,205425,Biographical
The Sound of Music,United States,175,disney plus,G,1965,Movie,163214286,8,63,205425,Family
The Sound of Music,United States,175,disney plus,G,1965,Movie,163214286,8,63,205425,History
The Straight Story,"France, United Kingdom, United States",112,disney plus,G,1999,Movie,6203044,8,86,82002,Biographical
The Straight Story,"France, United Kingdom, United States",112,disney plus,G,1999,Movie,6203044,8,86,82002,Drama
The Theory of Everything,"United Kingdom, Japan",123,netflix,PG-13,2014,Movie,35893537,7.7,72,404182,Drama
The Theory of Everything,"United Kingdom, Japan",123,netflix,PG-13,2014,Movie,35893537,7.7,72,404182,Romance
The Thin Red Line,Unknown,170,hulu,R,1998,Movie,36400491,7.6,78,172710,Drama
The Thin Red Line,Unknown,170,hulu,R,1998,Movie,36400491,7.6,78,172710,History
The Trial of the Chicago 7,"United States, United Kingdom, India",130,netflix,R,2020,Movie,0,7.8,77,89896,Drama
The Untouchables,Unknown,119,hulu,R,1987,Movie,76270454,7.9,79,281842,Classics
The Untouchables,Unknown,119,hulu,R,1987,Movie,76270454,7.9,79,281842,Crime
The Untouchables,Unknown,119,hulu,R,1987,Movie,76270454,7.9,79,281842,Drama
There Will Be Blood,United States,158,netflix,R,2007,Movie,40222514,8.2,93,517359,Drama
There Will Be Blood,United States,158,netflix,R,2007,Movie,40222514,8.2,93,517359,Independent Movies
Thor: Ragnarok,United States,131,netflix,PG-13,2017,Movie,315058289,7.9,74,587775,Action-Adventure
Thor: Ragnarok,United States,131,netflix,PG-13,2017,Movie,315058289,7.9,74,587775,Comedy
Thor: Ragnarok,United States,131,netflix,PG-13,2017,Movie,315058289,7.9,74,587775,Sci-Fi & Fantasy
Togo,United States,117,disney plus,PG,2019,Movie,0,8,69,37556,Action-Adventure
Togo,United States,117,disney plus,PG,2019,Movie,0,8,69,37556,Animals & Nature
Togo,United States,117,disney plus,PG,2019,Movie,0,8,69,37556,Family
Toy Story 2,United States,93,disney plus,G,1999,Movie,245852179,7.9,88,527512,Action-Adventure
Toy Story 2,United States,93,disney plus,G,1999,Movie,245852179,7.9,88,527512,Animation
Toy Story 2,United States,93,disney plus,G,1999,Movie,245852179,7.9,88,527512,Comedy
Toy Story 3,United States,103,disney plus,G,2010,Movie,415004880,8.2,92,757032,Animation
Toy Story 3,United States,103,disney plus,G,2010,Movie,415004880,8.2,92,757032,Comedy
Toy Story 3,United States,103,disney plus,G,2010,Movie,415004880,8.2,92,757032,Drama
Toy Story 4,United States,101,disney plus,G,2019,Movie,434038008,7.8,84,203177,Action-Adventure
Toy Story 4,United States,101,disney plus,G,2019,Movie,434038008,7.8,84,203177,Animation
Toy Story 4,United States,101,disney plus,G,2019,Movie,434038008,7.8,84,203177,Comedy
Toy Story,United States,83,disney plus,G,1995,Movie,191796233,8.3,95,887429,Action-Adventure
Toy Story,United States,83,disney plus,G,1995,Movie,191796233,8.3,95,887429,Animation
Toy Story,United States,83,disney plus,G,1995,Movie,191796233,8.3,95,887429,Buddy
Training Day,United States,122,netflix,R,2001,Movie,76631907,7.7,69,390247,Drama
Training Day,United States,122,netflix,R,2001,Movie,76631907,7.7,69,390247,Thriller
Trainspotting,United Kingdom,94,netflix,R,1996,Movie,16501785,8.1,83,634716,Comedy
Trainspotting,United Kingdom,94,netflix,R,1996,Movie,16501785,8.1,83,634716,Cult Movies
Trainspotting,United Kingdom,94,netflix,R,1996,Movie,16501785,8.1,83,634716,Drama
True Grit,United States,128,netflix,G,1969,Movie,171243005,7.6,80,311822,Classics
True Grit,United States,128,netflix,G,1969,Movie,171243005,7.6,80,311822,Drama
True Grit,Unknown,128,amazon prime,G,1969,Movie,171243005,7.6,80,311822,Action
True Grit,Unknown,128,amazon prime,G,1969,Movie,171243005,7.6,80,311822,Drama
True Grit,Unknown,128,amazon prime,G,1969,Movie,171243005,7.6,80,311822,Western
Tumbbad,"India, Sweden",105,amazon prime,18+,2018,Movie,0,8.3,0,27793,Horror
Tumbbad,"India, Sweden",105,amazon prime,18+,2018,Movie,0,8.3,0,27793,International
Tumbbad,"India, Sweden",105,amazon prime,18+,2018,Movie,0,8.3,0,27793,Suspense
Udaan,India,137,netflix,TV-MA,2010,Movie,7461,8.2,0,42341,Drama
Udaan,India,137,netflix,TV-MA,2010,Movie,7461,8.2,0,42341,Independent Movies
Udaan,India,137,netflix,TV-MA,2010,Movie,7461,8.2,0,42341,International
Udaan,Unknown,142,amazon prime,13+,2021,Movie,7461,8.2,0,42341,Action
Udaan,Unknown,142,amazon prime,13+,2021,Movie,7461,8.2,0,42341,Drama
Udta Punjab,India,146,netflix,TV-MA,2016,Movie,0,7.8,0,27175,Drama
Udta Punjab,India,146,netflix,TV-MA,2016,Movie,0,7.8,0,27175,International
Underground,Unknown,100,amazon prime,7+,1970,Movie,171082,8.1,0,55220,Action
Up,United States,96,disney plus,PG,2009,Movie,293004164,8.2,88,935507,Action-Adventure
Up,United States,96,disney plus,PG,2009,Movie,293004164,8.2,88,935507,Animation
Up,United States,96,disney plus,PG,2009,Movie,293004164,8.2,88,935507,Buddy
V for Vendetta,"United States, United Kingdom, Germany",132,netflix,R,2005,Movie,70511035,8.2,62,1032749,Action-Adventure
V for Vendetta,"United States, United Kingdom, Germany",132,netflix,R,2005,Movie,70511035,8.2,62,1032749,Drama
V for Vendetta,"United States, United Kingdom, Germany",132,netflix,R,2005,Movie,70511035,8.2,62,1032749,Sci-Fi & Fantasy
Victoria,Unknown,89,amazon prime,16+,2021,Movie,0,7.6,77,52903,Action
Victoria,Unknown,89,amazon prime,16+,2021,Movie,0,7.6,77,52903,Comedy
Vikram Vedha,Unknown,140,amazon prime,13+,2017,Movie,0,8.4,0,28401,Action
Vikram Vedha,Unknown,140,amazon prime,13+,2017,Movie,0,8.4,0,28401,Suspense
Vizontele,Turkey,106,netflix,TV-MA,2001,Movie,0,8,0,33592,Comedy
Vizontele,Turkey,106,netflix,TV-MA,2001,Movie,0,8,0,33592,Drama
Vizontele,Turkey,106,netflix,TV-MA,2001,Movie,0,8,0,33592,International
Watchmen,Unknown,162,hulu,R,2009,Movie,107509799,7.6,56,500799,Action
Watchmen,Unknown,162,hulu,R,2009,Movie,107509799,7.6,56,500799,Adventure
Watchmen,Unknown,162,hulu,R,2009,Movie,107509799,7.6,56,500799,Crime
What's Eating Gilbert Grape,United States,118,netflix,PG-13,1993,Movie,9170214,7.8,73,215034,Classics
What's Eating Gilbert Grape,United States,118,netflix,PG-13,1993,Movie,9170214,7.8,73,215034,Drama
What's Eating Gilbert Grape,United States,118,netflix,PG-13,1993,Movie,9170214,7.8,73,215034,Independent Movies
Who Framed Roger Rabbit,United States,104,disney plus,PG,1988,Movie,156452370,7.7,83,182009,Action-Adventure
Who Framed Roger Rabbit,United States,104,disney plus,PG,1988,Movie,156452370,7.7,83,182009,Animation
Who Framed Roger Rabbit,United States,104,disney plus,PG,1988,Movie,156452370,7.7,83,182009,Comedy
Willy Wonka & the Chocolate Factory,"United States, East Germany, West Germany",100,netflix,G,1971,Movie,4000000,7.8,67,178731,Children &Family Movies
Willy Wonka & the Chocolate Factory,"United States, East Germany, West Germany",100,netflix,G,1971,Movie,4000000,7.8,67,178731,Classics
Willy Wonka & the Chocolate Factory,"United States, East Germany, West Germany",100,netflix,G,1971,Movie,4000000,7.8,67,178731,Comedy
Wind River,"United Kingdom, Canada, United States",107,netflix,R,2017,Movie,33800859,7.7,73,205444,Drama
Wind River,"United Kingdom, Canada, United States",107,netflix,R,2017,Movie,33800859,7.7,73,205444,Independent Movies
Wreck-It Ralph,United States,103,disney plus,PG,2012,Movie,189422889,7.7,72,380195,Action-Adventure
Wreck-It Ralph,United States,103,disney plus,PG,2012,Movie,189422889,7.7,72,380195,Animation
Wreck-It Ralph,United States,103,disney plus,PG,2012,Movie,189422889,7.7,72,380195,Comedy
X-Men: Days of Future Past,"United States, United Kingdom, Canada",132,disney plus,PG-13,2014,Movie,233921534,7.9,75,659763,Action-Adventure
X-Men: Days of Future Past,"United States, United Kingdom, Canada",132,disney plus,PG-13,2014,Movie,233921534,7.9,75,659763,Family
X-Men: Days of Future Past,"United States, United Kingdom, Canada",132,disney plus,PG-13,2014,Movie,233921534,7.9,75,659763,Science Fiction
Young Frankenstein,Unknown,106,amazon prime,PG,1974,Movie,86300000,8,80,143359,Comedy
Zindagi Na Milegi Dobara,India,154,netflix,TV-14,2011,Movie,3108485,8.1,0,67927,Comedy
Zindagi Na Milegi Dobara,India,154,netflix,TV-14,2011,Movie,3108485,8.1,0,67927,Drama
Zindagi Na Milegi Dobara,India,154,netflix,TV-14,2011,Movie,3108485,8.1,0,67927,International
Zodiac,United States,158,netflix,R,2007,Movie,33080084,7.7,78,466080,Cult Movies
Zodiac,United States,158,netflix,R,2007,Movie,33080084,7.7,78,466080,Drama
Zodiac,United States,158,netflix,R,2007,Movie,33080084,7.7,78,466080,Thriller
Zombieland,United States,88,netflix,R,2009,Movie,75590286,7.6,73,520041,Comedy
Zombieland,United States,88,netflix,R,2009,Movie,75590286,7.6,73,520041,Horror
Zootopia,United States,109,disney plus,PG,2016,Movie,341268248,8,78,434143,Animation
Zootopia,United States,109,disney plus,PG,2016,Movie,341268248,8,78,434143,Comedy
Zootopia,United States,109,disney plus,PG,2016,Movie,341268248,8,78,434143,Family
